temperature,pressure,label
29.076,86.86,1
11.669,115.554,0
24.163,92.046,1
12.544,100.812,0
6.687,124.507,0
14.238,109.639,0
25.243,90.778,1
34.506,81.187,1
12.284,113.328,0
25.75,90.31,1
29.57,86.413,1
15.801,106.672,0
16.271,81.914,0
25.309,111.426,1
25.933,105.193,1
16.194,106.06,0
13.933,92.396,0
27.062,100.417,1
20.499,97.938,0
20.709,115.955,0
14.763,84.868,0
32.771,121.575,1
18.62,97.74,1
30.922,117.101,1
26.309,113.373,1
14.555,100.477,0
18.892,101.114,0
25.003,110.815,1
19.444,96.759,1
26.237,89.811,1
16.659,99.721,1
21.216,95.033,1
28.88,107.615,1
30.357,109.481,1
14.296,92.454,0
22.704,94.452,0
25.839,105.586,1
13.736,92.526,0
11.707,115.605,0
24.12,91.933,1
20.767,95.527,1
14.55,86.008,0
21.683,94.553,1
17.658,105.234,0
14.212,81.32,0
16.877,79.354,0
17.348,104.973,0
18.883,116.937,1
26.008,88.003,0
24.855,105.531,1
23.823,92.254,1
31.409,84.566,1
30.715,85.159,1
26.222,89.82,1
30.108,104.825,1
12.732,112.704,0
24.765,114.449,1
21.528,105.962,1
22.169,94.963,0
13.232,111.891,0
16.794,80.676,0
7.573,122.574,0
20.424,98.418,0
25.726,112.759,1
19.407,100.114,0
28.792,80.941,0
19.468,96.774,1
15.26,79.349,0
25.575,90.6,1
15.157,89.265,0
30.625,85.236,1
16.571,85.834,0
16.304,92.637,0
24.815,102.459,1
11.959,114.153,0
23.242,103.802,1
9.241,119.437,0
26.04,112.925,1
14.47,110.309,0
14.044,98.353,0
19.554,96.725,1
13.656,89.366,0
16.004,94.488,0
21.144,95.008,1
29.081,86.869,1
16.657,105.453,0
15.024,88.553,0
13.555,111.269,0
12.932,112.956,0
27.932,105.593,1
18.344,102.296,0
27.223,88.808,1
13.747,97.145,0
26.116,114.161,1
15.99,106.399,0
23.417,92.785,1
-0.589,137.789,0
31.356,84.562,1
28.513,110.387,1
21.697,94.496,1
27.041,89.001,1
28.982,110.356,1
21.689,112.121,1
15.687,87.972,0
29.984,113.125,1
13.435,96.153,0
14.691,86.944,0
28.806,104.566,1
13.81,89.444,0
15.85,84.01,0
28.864,87.095,1
17.9,103.07,0
35.048,80.663,1
23.628,92.549,1
34.653,81.094,1
7.771,121.739,0
22.875,96.298,1
14.326,89.743,0
13.707,102.986,0
24.167,111.961,1
10.97,116.522,0
14.534,81.149,0
13.944,92.793,0
15.608,78.634,0
14.98,108.168,0
24.346,91.792,1
27.756,111.216,1
24.693,115.075,1
14.878,88.578,0
24.055,92.041,1
11.442,116.013,0
12.932,111.841,0
13.21,100.9,0
12.23,87.194,1
20.181,96.063,1
34.5,81.168,1
15.27,91.716,0
21.916,94.274,1
26.422,110.002,1
13.717,87.599,0
16.901,78.94,0
28.233,87.661,1
25.168,108.392,1
22.275,110.095,1
9.946,118.806,0
15.081,96.18,0
15.402,89.525,0
30.265,118.227,1
27.27,110.519,1
26.586,112.624,1
21.806,110.698,1
16.433,105.359,0
24.843,90.403,0
16.461,107.098,0
32.458,83.469,1
23.442,107.533,1
22.062,107.327,1
20.881,95.287,1
14.957,86.29,0
25.207,113.17,1
13.501,102.097,0
16.851,78.356,0
14.666,88.048,0
11.129,115.811,0
29.792,109.49,1
25.684,90.415,1
28.41,105.748,1
6.877,124.572,0
25.948,112.22,1
24.142,92.116,1
27.84,88.185,1
16.351,106.334,0
15.085,101.305,0
12.333,114.728,0
23.038,93.222,1
15.121,94.553,0
28.677,105.658,1
13.984,102.474,0
11.462,115.247,0
11.154,115.893,0
